{"cameraMode":{"drawMode":0,"name":"Shaded","section":"Shading Mode"},"sceneLighting":false,"audioPlay":false,"sceneViewState":{"showFog":true,"showMaterialUpdate":false,"showSkybox":true,"showFlares":true,"showImageEffects":true,"showParticleSystems":true},"in2DMode":false,"pivot":{"x":-2.604940414428711,"y":3.954563856124878,"z":-2.4216554164886476},"rotation":{"x":0.2885688543319702,"y":0.30160751938819888,"z":-0.09552311897277832,"w":0.9036793112754822},"size":1.2778949737548829,"orthographic":false}