{"cameraMode":{"drawMode":0,"name":"Shaded","section":"Shading Mode"},"sceneLighting":false,"audioPlay":false,"sceneViewState":{"showFog":true,"showMaterialUpdate":false,"showSkybox":true,"showFlares":true,"showImageEffects":true,"showParticleSystems":true},"in2DMode":false,"pivot":{"x":-0.16260939836502076,"y":-2.215146541595459,"z":-2.9881961345672609},"rotation":{"x":0.0024620371405035259,"y":0.9445478320121765,"z":-0.3282882273197174,"w":0.007083377335220575},"size":13.282322883605957,"orthographic":false}